{
  "model_name": "tabnet",
  "best_model_params": {
    "n_d": 33,
    "n_a": 35,
    "n_steps": 4,
    "gamma": 1.645841475298196,
    "lambda_sparse": 0.0002877239729127896
  },
  "best_training_params": {
    "max_epochs": 199,
    "batch_size": 64
  },
  "best_params": {
    "n_d": 33,
    "n_a": 35,
    "n_steps": 4,
    "gamma": 1.645841475298196,
    "lambda_sparse": 0.0002877239729127896,
    "max_epochs": 199,
    "batch_size": 64
  },
  "best_score": 1.0,
  "n_trials": 20
}