{
  "model_name": "random_forest",
  "train_dataset": "child",
  "test_dataset": "adolescent",
  "train_samples": 302,
  "test_samples": 126,
  "train_features": 67,
  "test_features": 67,
  "harmonized_features": 67,
  "metrics": {
    "accuracy": 0.31746031746031744,
    "precision": 0.35802469135802467,
    "recall": 0.4603174603174603,
    "f1": 0.4027777777777778,
    "specificity": 0.1746031746031746,
    "auc": 0.2183169564121945,
    "confusion_matrix": [
      [
        11,
        52
      ],
      [
        34,
        29
      ]
    ],
    "true_negatives": 11,
    "false_positives": 52,
    "false_negatives": 34,
    "true_positives": 29,
    "balanced_accuracy": 0.31746031746031744,
    "classification_report": {
      "0": {
        "precision": 0.24444444444444444,
        "recall": 0.1746031746031746,
        "f1-score": 0.2037037037037037,
        "support": 63.0
      },
      "1": {
        "precision": 0.35802469135802467,
        "recall": 0.4603174603174603,
        "f1-score": 0.4027777777777778,
        "support": 63.0
      },
      "accuracy": 0.31746031746031744,
      "macro avg": {
        "precision": 0.30123456790123454,
        "recall": 0.31746031746031744,
        "f1-score": 0.30324074074074076,
        "support": 126.0
      },
      "weighted avg": {
        "precision": 0.3012345679012346,
        "recall": 0.31746031746031744,
        "f1-score": 0.3032407407407407,
        "support": 126.0
      }
    },
    "roc_curve": {
      "fpr": [
        0.0,
        0.031746031746031744,
        0.06349206349206349,
        0.1111111111111111,
        0.12698412698412698,
        0.1746031746031746,
        0.19047619047619047,
        0.19047619047619047,
        0.20634920634920634,
        0.25396825396825395,
        0.2698412698412698,
        0.31746031746031744,
        0.36507936507936506,
        0.36507936507936506,
        0.3968253968253968,
        0.4126984126984127,
        0.4126984126984127,
        0.4444444444444444,
        0.4444444444444444,
        0.47619047619047616,
        0.47619047619047616,
        0.49206349206349204,
        0.49206349206349204,
        0.5238095238095238,
        0.5714285714285714,
        0.5714285714285714,
        0.6031746031746031,
        0.6031746031746031,
        0.6031746031746031,
        0.6190476190476191,
        0.6190476190476191,
        0.6507936507936508,
        0.6507936507936508,
        0.6825396825396826,
        0.6825396825396826,
        0.7142857142857143,
        0.7142857142857143,
        0.7301587301587301,
        0.7301587301587301,
        0.7619047619047619,
        0.7619047619047619,
        0.7777777777777778,
        0.7777777777777778,
        0.7936507936507936,
        0.7936507936507936,
        0.8253968253968254,
        0.8253968253968254,
        0.8412698412698413,
        0.8412698412698413,
        0.8571428571428571,
        0.8571428571428571,
        0.873015873015873,
        0.873015873015873,
        0.8888888888888888,
        0.8888888888888888,
        0.9206349206349206,
        0.9206349206349206,
        0.9365079365079365,
        0.9365079365079365,
        0.9523809523809523,
        0.9523809523809523,
        0.9682539682539683,
        0.9682539682539683,
        0.9841269841269841,
        0.9841269841269841,
        1.0,
        1.0
      ],
      "tpr": [
        0.0,
        0.0,
        0.0,
        0.0,
        0.0,
        0.0,
        0.0,
        0.015873015873015872,
        0.015873015873015872,
        0.015873015873015872,
        0.015873015873015872,
        0.015873015873015872,
        0.015873015873015872,
        0.031746031746031744,
        0.031746031746031744,
        0.031746031746031744,
        0.047619047619047616,
        0.047619047619047616,
        0.07936507936507936,
        0.07936507936507936,
        0.12698412698412698,
        0.14285714285714285,
        0.15873015873015872,
        0.15873015873015872,
        0.15873015873015872,
        0.1746031746031746,
        0.1746031746031746,
        0.19047619047619047,
        0.2222222222222222,
        0.2222222222222222,
        0.23809523809523808,
        0.23809523809523808,
        0.2698412698412698,
        0.2698412698412698,
        0.31746031746031744,
        0.31746031746031744,
        0.3333333333333333,
        0.3333333333333333,
        0.36507936507936506,
        0.36507936507936506,
        0.3968253968253968,
        0.3968253968253968,
        0.42857142857142855,
        0.42857142857142855,
        0.4603174603174603,
        0.4603174603174603,
        0.49206349206349204,
        0.49206349206349204,
        0.5079365079365079,
        0.5079365079365079,
        0.5238095238095238,
        0.5238095238095238,
        0.6190476190476191,
        0.6190476190476191,
        0.6507936507936508,
        0.6507936507936508,
        0.6825396825396826,
        0.6825396825396826,
        0.746031746031746,
        0.746031746031746,
        0.7777777777777778,
        0.7777777777777778,
        0.7936507936507936,
        0.7936507936507936,
        0.8253968253968254,
        0.8253968253968254,
        1.0
      ],
      "thresholds": [
        Infinity,
        0.7698611111111111,
        0.69,
        0.6878333333333332,
        0.68,
        0.6798611111111111,
        0.6764801587301587,
        0.6693333333333332,
        0.6599999999999998,
        0.6541468253968253,
        0.6504166666666665,
        0.6436190476190475,
        0.6183333333333333,
        0.6176666666666667,
        0.6166666666666667,
        0.6075,
        0.6040277777777778,
        0.6025,
        0.595,
        0.5879166666666665,
        0.5808333333333333,
        0.5791666666666666,
        0.5789166666666666,
        0.5711363636363637,
        0.5611363636363637,
        0.5590277777777778,
        0.5533333333333333,
        0.5526666666666666,
        0.5501666666666667,
        0.5475000000000001,
        0.5440277777777778,
        0.536,
        0.5339166666666667,
        0.5336666666666667,
        0.5291666666666667,
        0.526,
        0.5254523809523809,
        0.5227857142857143,
        0.5166666666666667,
        0.5126666666666666,
        0.5099999999999999,
        0.5082121212121212,
        0.5076666666666667,
        0.506,
        0.5046666666666667,
        0.5006190476190477,
        0.4991666666666667,
        0.4915,
        0.48766666666666664,
        0.47921139971139964,
        0.4716666666666666,
        0.4712113997113998,
        0.45500000000000007,
        0.4526666666666667,
        0.4520000000000001,
        0.4491428571428572,
        0.4471031746031746,
        0.4421666666666667,
        0.4402478354978356,
        0.435,
        0.42550000000000004,
        0.42534090909090905,
        0.425,
        0.42246212121212123,
        0.4159621212121213,
        0.4124621212121212,
        0.324
      ]
    }
  },