{
  "model_name": "random_forest",
  "train_dataset": "adolescent",
  "test_dataset": "adolescent",
  "train_samples": 126,
  "test_samples": 126,
  "train_features": 67,
  "test_features": 67,
  "harmonized_features": 67,
  "metrics": {
    "accuracy": 1.0,
    "precision": 1.0,
    "recall": 1.0,
    "f1": 1.0,
    "specificity": 1.0,
    "auc": 1.0,
    "confusion_matrix": [
      [
        63,
        0
      ],
      [
        0,
        63
      ]
    ],
    "true_negatives": 63,
    "false_positives": 0,
    "false_negatives": 0,
    "true_positives": 63,
    "balanced_accuracy": 1.0,
    "classification_report": {
      "0": {
        "precision": 1.0,
        "recall": 1.0,
        "f1-score": 1.0,
        "support": 63.0
      },
      "1": {
        "precision": 1.0,
        "recall": 1.0,
        "f1-score": 1.0,
        "support": 63.0
      },
      "accuracy": 1.0,
      "macro avg": {
        "precision": 1.0,
        "recall": 1.0,
        "f1-score": 1.0,
        "support": 126.0
      },
      "weighted avg": {
        "precision": 1.0,
        "recall": 1.0,
        "f1-score": 1.0,
        "support": 126.0
      }
    },
    "roc_curve": {
      "fpr": [
        0.0,
        0.0,
        0.0,
        0.0,
        0.0,
        0.0,
        0.0,
        0.0,
        0.0,
        0.0,
        0.0,
        0.0,
        0.0,
        0.0,
        0.015873015873015872,
        0.06349206349206349,
        0.12698412698412698,
        0.14285714285714285,
        0.2857142857142857,
        0.36507936507936506,
        0.4126984126984127,
        0.4444444444444444,
        0.5555555555555556,
        0.6825396825396826,
        0.8571428571428571,
        1.0
      ],
      "tpr": [
        0.0,
        0.1746031746031746,
        0.2857142857142857,
        0.3333333333333333,
        0.4126984126984127,
        0.5079365079365079,
        0.5873015873015873,
        0.746031746031746,
        0.7936507936507936,
        0.8571428571428571,
        0.8888888888888888,
        0.9206349206349206,
        0.9682539682539683,
        1.0,
        1.0,
        1.0,
        1.0,
        1.0,
        1.0,
        1.0,
        1.0,
        1.0,
        1.0,
        1.0,
        1.0,
        1.0
      ],
      "thresholds": [
        Infinity,
        1.0,
        0.99,
        0.98,
        0.97,
        0.96,
        0.95,
        0.94,
        0.93,
        0.92,
        0.91,
        0.89,
        0.88,
        0.86,
        0.15,
        0.14,
        0.12,
        0.11,
        0.08,
        0.07,
        0.06,
        0.04,
        0.03,
        0.02,
        0.01,
        0.0
      ]
    }
  },
  "predictions": {
    "y_true": [
      0,
      0,
      0,
      1,
      1,
      0,
      0,
      1,
      0,
      0,
      0,
      0,
      1,
      1,
      1,
      1,
      0,
      1,
      1,
      1,
      1,
      1,
      1,
      1,
      1,
      1,
      0,
      0,
      0,
      1,
      1,
      1,
      1,
      1,
      1,
      1,
      1,
      1,
      1,
      1,
      1,
      0,
      0,
      1,
      1,
      1,
      1,
      0,
      1,
      1,
      0,
      1,
      1,
      0,
      0,
      0,
      0,
      1,
      0,
      1,
      1,
      0,
      1,
      1,
      1,
      1,
      1,
      0,
      1,
      1,
      0,
      1,
      1,
      1,
      1,
      0,
      1,
      0,
      1,
      1,
      0,
      0,
      1,
      0,
      0,
      1,
      1,
      0,
      1,
      0,
      1,
      1,
      0,
      1,
      0,
      1,
      1,
      0,
      0,
      0,
      0,
      1,
      0,
      0,
      0,
      0,
      0,
      0,
      0,
      0,
      0,
      0,
      0,
      0,
      0,
      0,
      0,
      0,
      0,
      0,
      0,
      0,
      0,
      0,
      0,
      0
    ],
    "y_pred": [
      0,
      0,
      0,
      1,
      1,
      0,
      0,
      1,
      0,
      0,
      0,
      0,
      1,
      1,
      1,
      1,
      0,
      1,
      1,
      1,
      1,
      1,
      1,
      1,
      1,
      1,
      0,
      0,
      0,
      1,
      1,
      1,
      1,
      1,
      1,
      1,
      1,
      1,
      1,
      1,
      1,
      0,
      0,
      1,
      1,
      1,
      1,
      0,
      1,
      1,
      0,
      1,
      1,
      0,
      0,
      0,
      0,
      1,
      0,
      1,
      1,
      0,
      1,
      1,
      1,
      1,
      1,
      0,
      1,
      1,
      0,
      1,
      1,
      1,
      1,
      0,
      1,
      0,
      1,
      1,
      0,
      0,
      1,
      0,
      0,
      1,
      1,
      0,
      1,
      0,
      1,
      1,
      0,
      1,
      0,
      1,
      1,
      0,
      0,
      0,
      0,
      1,
      0,
      0,
      0,
      0,
      0,
      0,
      0,
      0,
      0,
      0,
      0,
      0,
      0,
      0,
      0,
      0,
      0,
      0,
      0,
      0,
      0,
      0,
      0,
      0
    ],
    "y_proba": [
      0.04,
      0.01,
      0.01,
      0.96,
      0.88,
      0.01,
      0.12,
      0.87,
      0.12,
      0.03,
      0.07,
      0.08,
      0.94,
      0.99,
      1.0,
      0.97,
      0.12,
      1.0,
      0.92,
      0.94,
      0.94,
      0.9,
      1.0,
      0.96,
      1.0,
      1.0,
      0.02,
      0.1,
      0.03,
      1.0,
      0.99,
      0.95,
      0.99,
      0.95,
      1.0,
      0.89,
      0.99,
      0.98,
      1.0,
      1.0,
      0.94,
      0.14,
      0.01,
      0.99,
      0.92,
      0.99,
      0.97,
      0.09,
      0.94,
      0.92,
      0.14,
      0.96,
      0.95,
      0.07,
      0.01,
      0.07,
      0.01,
      0.96,
      0.02,
      1.0,
      1.0,
      0.06,
      0.98,
      0.94,
      0.93,
      0.95,
      0.99,
      0.12,
      0.92,
      0.91,
      0.1,
      0.97,
      0.86,
      0.96,
      0.93,
      0.11,
      0.96,
      0.03,
      0.97,
      0.94,
      0.15,
      0.03,
      0.94,
      0.08,
      0.09,
      0.91,
      0.98,
      0.14,
      0.97,
      0.06,
      0.94,
      0.95,
      0.02,
      0.88,
      0.02,
      0.93,
      0.88,
      0.04,
      0.07,
      0.09,
      0.07,
      0.94,
      0.1,
      0.08,
      0.0,
      0.0,
      0.0,
      0.0,
      0.0,
      0.0,
      0.01,
      0.02,
      0.0,
      0.03,
      0.01,
      0.02,
      0.03,
      0.01,
      0.02,
      0.0,
      0.06,
      0.01,
      0.02,
      0.0,
      0.01,
      0.03
    ]
  }
}