{
  "model_name": "random_forest",
  "train_dataset": "adult",
  "test_dataset": "adolescent",
  "train_samples": 1030,
  "test_samples": 126,
  "train_features": 67,
  "test_features": 67,
  "harmonized_features": 67,
  "metrics": {
    "accuracy": 0.4126984126984127,
    "precision": 0.07692307692307693,
    "recall": 0.015873015873015872,
    "f1": 0.02631578947368421,
    "specificity": 0.8095238095238095,
    "auc": 0.40866717057193247,
    "confusion_matrix": [
      [
        51,
        12
      ],
      [
        62,
        1
      ]
    ],
    "true_negatives": 51,
    "false_positives": 12,
    "false_negatives": 62,
    "true_positives": 1,
    "balanced_accuracy": 0.4126984126984127,
    "classification_report": {
      "0": {
        "precision": 0.45132743362831856,
        "recall": 0.8095238095238095,
        "f1-score": 0.5795454545454546,
        "support": 63.0
      },
      "1": {
        "precision": 0.07692307692307693,
        "recall": 0.015873015873015872,
        "f1-score": 0.02631578947368421,
        "support": 63.0
      },
      "accuracy": 0.4126984126984127,
      "macro avg": {
        "precision": 0.26412525527569775,
        "recall": 0.4126984126984127,
        "f1-score": 0.3029306220095694,
        "support": 126.0
      },
      "weighted avg": {
        "precision": 0.26412525527569775,
        "recall": 0.4126984126984127,
        "f1-score": 0.3029306220095694,
        "support": 126.0
      }
    },
    "roc_curve": {
      "fpr": [
        0.0,
        0.015873015873015872,
        0.15873015873015872,
        0.15873015873015872,
        0.19047619047619047,
        0.19047619047619047,
        0.20634920634920634,
        0.20634920634920634,
        0.23809523809523808,
        0.23809523809523808,
        0.25396825396825395,
        0.25396825396825395,
        0.3492063492063492,
        0.3492063492063492,
        0.4126984126984127,
        0.4126984126984127,
        0.4603174603174603,
        0.4603174603174603,
        0.5079365079365079,
        0.5079365079365079,
        0.5238095238095238,
        0.5238095238095238,
        0.5714285714285714,
        0.5714285714285714,
        0.6031746031746031,
        0.6031746031746031,
        0.6507936507936508,
        0.6507936507936508,
        0.6825396825396826,
        0.6825396825396826,
        0.6984126984126984,
        0.6984126984126984,
        0.7142857142857143,
        0.7142857142857143,
        0.7301587301587301,
        0.7301587301587301,
        0.7619047619047619,
        0.7619047619047619,
        0.7936507936507936,
        0.7936507936507936,
        0.8095238095238095,
        0.8095238095238095,
        0.8253968253968254,
        0.8253968253968254,
        0.8412698412698413,
        0.8412698412698413,
        0.8888888888888888,
        0.8888888888888888,
        0.9047619047619048,
        0.9047619047619048,
        0.9206349206349206,
        0.9206349206349206,
        0.9206349206349206,
        0.9206349206349206,
        0.9523809523809523,
        0.9523809523809523,
        1.0
      ],
      "tpr": [
        0.0,
        0.0,
        0.0,
        0.015873015873015872,
        0.015873015873015872,
        0.1111111111111111,
        0.1111111111111111,
        0.14285714285714285,
        0.14285714285714285,
        0.15873015873015872,
        0.15873015873015872,
        0.20634920634920634,
        0.20634920634920634,
        0.23809523809523808,
        0.23809523809523808,
        0.30158730158730157,
        0.30158730158730157,
        0.3492063492063492,
        0.3492063492063492,
        0.36507936507936506,
        0.36507936507936506,
        0.38095238095238093,
        0.38095238095238093,
        0.4444444444444444,
        0.4444444444444444,
        0.47619047619047616,
        0.47619047619047616,
        0.5238095238095238,
        0.5238095238095238,
        0.6031746031746031,
        0.6031746031746031,
        0.6190476190476191,
        0.6190476190476191,
        0.6349206349206349,
        0.6349206349206349,
        0.6825396825396826,
        0.6825396825396826,
        0.6984126984126984,
        0.6984126984126984,
        0.7142857142857143,
        0.7142857142857143,
        0.7301587301587301,
        0.7301587301587301,
        0.7619047619047619,
        0.7619047619047619,
        0.8571428571428571,
        0.8571428571428571,
        0.873015873015873,
        0.873015873015873,
        0.9047619047619048,
        0.9047619047619048,
        0.9206349206349206,
        0.9523809523809523,
        0.9841269841269841,
        0.9841269841269841,
        1.0,
        1.0
      ],
      "thresholds": [
        Infinity,
        0.744092463092463,
        0.5283333333333334,
        0.5259999999999999,
        0.5066190476190475,
        0.47904761904761906,
        0.47833333333333333,
        0.46938888888888886,
        0.4681666666666666,
        0.4645,
        0.46317040149393096,
        0.4471803751803751,
        0.43017676767676777,
        0.4242142857142857,
        0.4166742424242424,
        0.40219444444444435,
        0.4,
        0.38161904761904764,
        0.37611904761904763,
        0.3752142857142857,
        0.37416666666666665,
        0.37359523809523815,
        0.36686940836940835,
        0.35650000000000004,
        0.35513071895424836,
        0.345,
        0.3364285714285714,
        0.3345,
        0.3323095238095239,
        0.32402741702741705,
        0.3218460705960705,
        0.3208571428571429,
        0.32,
        0.31973387723387725,
        0.31595238095238093,
        0.311,
        0.3021364746364746,
        0.30171428571428577,
        0.29581818181818176,
        0.2956190476190476,
        0.28961724386724386,
        0.2885793650793651,
        0.2875,
        0.27928571428571425,
        0.2773809523809524,
        0.25583333333333336,
        0.25,
        0.24538672438672438,
        0.2447222222222222,
        0.23482936507936508,
        0.22472222222222224,
        0.2192857142857143,
        0.21565379065379062,
        0.206452380952381,
        0.20166666666666663,
        0.20149999999999998,
        0.1125
      ]
    }
  },
  "predictions": {
    "y_true": [
      0,
      0,
      0,
      1,
      1,
      0,
      0,
      1,
      0,
      0,
      0,
      0,
      1,
      1,
      1,
      1,
      0,
      1,
      1,
      1,
      1,
      1,
      1,
      1,
      1,
      1,
      0,
      0,
      0,
      1,
      1,
      1,
      1,
      1,
      1,
      1,
      1,
      1,
      1,
      1,
      1,
      0,
      0,
      1,
      1,
      1,
      1,
      0,
      1,
      1,
      0,
      1,
      1,
      0,
      0,
      0,
      0,
      1,
      0,
      1,
      1,
      0,
      1,
      1,
      1,
      1,
      1,
      0,
      1,
      1,
      0,
      1,
      1,
      1,
      1,
      0,
      1,
      0,
      1,
      1,
      0,
      0,
      1,
      0,
      0,
      1,
      1,
      0,
      1,
      0,
      1,
      1,
      0,
      1,
      0,
      1,
      1,
      0,
      0,
      0,
      0,
      1,
      0,
      0,
      0,
      0,
      0,
      0,
      0,
      0,
      0,
      0,
      0,
      0,
      0,
      0,
      0,
      0,
      0,
      0,
      0,
      0,
      0,
      0,
      0,
      0
    ],