{
  "model_name": "random_forest",
  "train_dataset": "child",
  "test_dataset": "child",
  "train_samples": 302,
  "test_samples": 302,
  "train_features": 67,
  "test_features": 67,
  "harmonized_features": 67,
  "metrics": {
    "accuracy": 0.847682119205298,
    "precision": 0.8671328671328671,
    "recall": 0.8211920529801324,
    "f1": 0.8435374149659864,
    "specificity": 0.8741721854304636,
    "auc": 0.9450681987632121,
    "confusion_matrix": [
      [
        132,
        19
      ],
      [
        27,
        124
      ]
    ],
    "true_negatives": 132,
    "false_positives": 19,
    "false_negatives": 27,
    "true_positives": 124,
    "balanced_accuracy": 0.847682119205298,
    "classification_report": {
      "0": {
        "precision": 0.8301886792452831,
        "recall": 0.8741721854304636,
        "f1-score": 0.8516129032258064,
        "support": 151.0
      },
      "1": {
        "precision": 0.8671328671328671,
        "recall": 0.8211920529801324,
        "f1-score": 0.8435374149659864,
        "support": 151.0
      },
      "accuracy": 0.847682119205298,
      "macro avg": {
        "precision": 0.8486607731890751,
        "recall": 0.847682119205298,
        "f1-score": 0.8475751590958964,
        "support": 302.0
      },
      "weighted avg": {
        "precision": 0.8486607731890751,
        "recall": 0.847682119205298,
        "f1-score": 0.8475751590958964,
        "support": 302.0
      }
    },
    "roc_curve": {
      "fpr": [
        0.0,
        0.0,
        0.0,
        0.0,
        0.0,
        0.0,
        0.0,
        0.0,
        0.0,
        0.0,
        0.0,
        0.0,
        0.0,
        0.0,
        0.0,
        0.0,
        0.0,
        0.0,
        0.0,
        0.006622516556291391,
        0.006622516556291391,
        0.013245033112582781,
        0.013245033112582781,
        0.039735099337748346,
        0.046357615894039736,
        0.046357615894039736,
        0.06622516556291391,
        0.07947019867549669,
        0.09271523178807947,
        0.10596026490066225,
        0.11920529801324503,
        0.1456953642384106,
        0.15894039735099338,
        0.16556291390728478,
        0.19205298013245034,
        0.1986754966887417,
        0.23178807947019867,
        0.23841059602649006,
        0.304635761589404,
        0.33112582781456956,
        0.3443708609271523,
        0.3708609271523179,
        0.3841059602649007,
        0.39072847682119205,
        0.40397350993377484,
        0.5629139072847682,
        0.5894039735099338,
        0.7086092715231788,
        0.7218543046357616,
        0.8079470198675497,
        0.8344370860927153,
        0.8675496688741722,
        0.8807947019867549,
        0.8874172185430463,
        0.9139072847682119,
        0.9271523178807947,
        0.9403973509933775,
        0.9668874172185431,
        0.9801324503311258,
        1.0
      ],
      "tpr": [
        0.0,
        0.08609271523178808,
        0.11258278145695365,
        0.1390728476821192,
        0.15894039735099338,
        0.17218543046357615,
        0.2251655629139073,
        0.23841059602649006,
        0.3509933774834437,
        0.36423841059602646,
        0.3708609271523179,
        0.3841059602649007,
        0.423841059602649,
        0.4370860927152318,
        0.5496688741721855,
        0.5629139072847682,
        0.5695364238410596,
        0.5960264900662252,
        0.6158940397350994,
        0.6291390728476821,
        0.6622516556291391,
        0.6754966887417219,
        0.6821192052980133,
        0.7218543046357616,
        0.7284768211920529,
        0.7350993377483444,
        0.7615894039735099,
        0.7748344370860927,
        0.7880794701986755,
        0.8013245033112583,
        0.8145695364238411,
        0.8410596026490066,
        0.8543046357615894,
        0.8609271523178808,
        0.8807947019867549,
        0.8874172185430463,
        0.9072847682119205,
        0.9139072847682119,
        0.9470198675496688,
        0.9602649006622517,
        0.9668874172185431,
        0.9801324503311258,
        0.9867549668874173,
        0.9867549668874173,
        0.9933774834437086,
        0.9933774834437086,
        1.0,
        1.0,
        1.0,
        1.0,
        1.0,
        1.0,
        1.0,
        1.0,
        1.0,
        1.0,
        1.0,
        1.0,
        1.0,
        1.0
      ],
      "thresholds": [
        Infinity,
        1.0,
        0.9675,
        0.965,
        0.96,
        0.9548333333333333,
        0.9101666666666667,
        0.905,
        0.847111111111111,
        0.84,
        0.8353571428571429,
        0.83,
        0.8116666666666668,
        0.81,
        0.7598333333333335,
        0.7533333333333333,
        0.7521785714285716,
        0.74,
        0.7092341269841271,
        0.7080714285714287,
        0.66,
        0.6513253968253969,
        0.635,
        0.5941547619047618,
        0.5885000000000001,
        0.58,
        0.5654463591963594,
        0.5575,
        0.531313492063492,
        0.5214523809523811,
        0.5147023809523811,
        0.4629999999999999,
        0.44849747474747464,
        0.44433333333333336,
        0.4324266011766013,
        0.4161666666666667,
        0.3866623376623374,
        0.37911904761904774,
        0.33138095238095233,
        0.3292867965367964,
        0.31446428571428564,
        0.3093740981240979,
        0.305927489177489,
        0.305,
        0.28688095238095235,
        0.207,
        0.20492460317460315,
        0.132,
        0.13,
        0.08,
        0.078,
        0.05285714285714285,
        0.0475,
        0.04166666666666667,
        0.04,
        0.03183333333333334,
        0.027857142857142855,
        0.026666666666666665,
        0.0175,
        0.0
      ]
    }
  },