{
  "model_name": "svm",
  "train_dataset": "adolescent",
  "test_dataset": "adolescent",
  "train_samples": 126,
  "test_samples": 126,
  "train_features": 67,
  "test_features": 67,
  "harmonized_features": 67,
  "metrics": {
    "accuracy": 0.9841269841269841,
    "precision": 0.9692307692307692,
    "recall": 1.0,
    "f1": 0.984375,
    "specificity": 0.9682539682539683,
    "auc": 1.0,
    "confusion_matrix": [
      [
        61,
        2
      ],
      [
        0,
        63
      ]
    ],
    "true_negatives": 61,
    "false_positives": 2,
    "false_negatives": 0,
    "true_positives": 63,
    "balanced_accuracy": 0.9841269841269842,
    "classification_report": {
      "0": {
        "precision": 1.0,
        "recall": 0.9682539682539683,
        "f1-score": 0.9838709677419355,
        "support": 63.0
      },
      "1": {
        "precision": 0.9692307692307692,
        "recall": 1.0,
        "f1-score": 0.984375,
        "support": 63.0
      },
      "accuracy": 0.9841269841269841,
      "macro avg": {
        "precision": 0.9846153846153847,
        "recall": 0.9841269841269842,
        "f1-score": 0.9841229838709677,
        "support": 126.0
      },
      "weighted avg": {
        "precision": 0.9846153846153846,
        "recall": 0.9841269841269841,
        "f1-score": 0.9841229838709677,
        "support": 126.0
      }
    },
    "roc_curve": {
      "fpr": [
        0.0,
        0.0,
        0.0,
        0.0,
        0.0,
        1.0
      ],
      "tpr": [
        0.0,
        0.015873015873015872,
        0.5555555555555556,
        0.5873015873015873,
        1.0,
        1.0
      ],
      "thresholds": [
        Infinity,
        0.9999998451405109,
        0.9833536382739183,
        0.9833536250932543,
        0.9038142598801432,
        0.0010642403036487224
      ]
    }
  },
  "predictions": {
    "y_true": [
      0,
      0,
      0,
      1,
      1,
      0,
      0,
      1,
      0,
      0,
      0,
      0,
      1,
      1,
      1,
      1,
      0,
      1,
      1,
      1,
      1,
      1,
      1,
      1,
      1,
      1,
      0,
      0,
      0,
      1,
      1,
      1,
      1,
      1,
      1,
      1,
      1,
      1,
      1,
      1,
      1,
      0,
      0,
      1,
      1,
      1,
      1,
      0,
      1,
      1,
      0,
      1,
      1,
      0,
      0,
      0,
      0,
      1,
      0,
      1,
      1,
      0,
      1,
      1,
      1,
      1,
      1,
      0,
      1,
      1,
      0,
      1,
      1,
      1,
      1,
      0,
      1,
      0,
      1,
      1,
      0,
      0,
      1,
      0,
      0,
      1,
      1,
      0,
      1,
      0,
      1,
      1,
      0,
      1,
      0,
      1,
      1,
      0,
      0,
      0,
      0,
      1,
      0,
      0,
      0,
      0,
      0,
      0,
      0,
      0,
      0,
      0,
      0,
      0,
      0,
      0,
      0,
      0,
      0,
      0,
      0,
      0,
      0,
      0,
      0,
      0
    ],
    "y_pred": [
      0,
      0,
      0,
      1,
      1,
      0,
      0,
      1,
      0,
      0,
      0,
      0,
      1,
      1,
      1,
      1,
      0,
      1,
      1,
      1,
      1,
      1,
      1,
      1,
      1,
      1,
      0,
      0,
      0,
      1,
      1,
      1,
      1,
      1,
      1,
      1,
      1,
      1,
      1,
      1,
      1,
      0,
      0,
      1,
      1,
      1,
      1,
      0,
      1,
      1,
      0,
      1,
      1,
      0,
      0,
      0,
      0,
      1,
      0,
      1,
      1,
      0,
      1,
      1,
      1,
      1,
      1,
      0,
      1,
      1,
      0,
      1,
      1,
      1,
      1,
      0,
      1,
      0,
      1,
      1,
      0,
      0,
      1,
      0,
      0,
      1,
      1,
      1,
      1,
      0,
      1,
      1,
      0,
      1,
      0,
      1,
      1,
      0,
      0,
      0,
      0,
      1,
      1,
      0,
      0,
      0,
      0,
      0,
      0,
      0,
      0,
      0,
      0,
      0,
      0,
      0,
      0,
      0,
      0,
      0,
      0,
      0,
      0,
      0,
      0,
      0
    ],
    "y_proba": [
      0.018195590550708598,
      0.01350780339986819,
      0.002707774860625709,
      0.9833536382739183,
      0.9827715041313376,
      0.006349843923186803,
      0.0347462129185805,
      0.9833270475238227,
      0.03894908641628677,
      0.018159628037788624,
      0.018169700870245633,
      0.11224509683113008,
      0.9366267554103085,
      0.9999906574400488,
      0.9933520506286206,
      0.997150746722183,
      0.018175090627961084,
      0.9910139695517381,
      0.950580997065249,
      0.9858941598031078,
      0.9833824534380863,
      0.9833540816456402,
      0.983361508726191,
      0.9833951282291317,
      0.9963458633056205,
      0.9910856104929373,
      0.018160673248942712,
      0.23768642600939183,
      0.005079133126786198,
      0.9999985883138373,
      0.9887434391515301,
      0.9726506019350306,
      0.9848177875003769,
      0.9833791021438982,
      0.9903489547322195,
      0.9833703182411119,
      0.9999913200769406,
      0.9833285833224095,
      0.9833536250932543,
      0.9833536250932543,
      0.9663987434375325,
      0.029804990349330783,
      0.004807497181840889,
      0.9934498364563259,
      0.9694243516661505,
      0.9900407653406238,
      0.9613261833963159,
      0.03285964702611914,
      0.9833764455182022,
      0.9476124383876121,
      0.10174769018569156,
      0.9131890914322193,
      0.9398712637673179,
      0.018163826111534533,
      0.0012159585872436557,
      0.018164115367806693,
      0.0021161662733495414,
      0.9833751766992559,
      0.0024830644301764102,
      0.9954528824873936,
      0.9999998451405109,
      0.01817228254596836,
      0.9275516068152707,
      0.9767059735183041,
      0.9751113299791937,
      0.9833702779591007,
      0.9833687114160975,
      0.10769007540111888,
      0.9900320285035324,
      0.9038142598801432,
      0.018140116523006854,
      0.9622954695753988,
      0.9722938208196766,
      0.983349807395975,
      0.9827965954633524,
      0.46711148514690937,
      0.9957144630918133,
      0.01818526036513509,
      0.9915689687072289,
      0.9833600814104886,
      0.20260509137010158,
      0.016102402615413007,
      0.9833628486276887,
      0.018144751484039313,
      0.018189919070246134,
      0.9449257762187752,
      0.9833478956657122,
      0.6197637038682735,
      0.983336038562112,
      0.018168413349159664,
      0.9937119678422821,
      0.9833641528265852,
      0.018185318875548136,
      0.9543984202079067,
      0.01814834216529607,
      0.9273197727663689,
      0.9818106968176222,
      0.018193985537965158,
      0.03606995119048628,
      0.018213118088124355,
      0.01817867292447408,
      0.9896776219483281,
      0.6804404620075666,
      0.041811803062878204,
      0.005786461572490437,
      0.007803616260071962,
      0.0011832273648030305,
      0.002113916056191762,
      0.0010642403036487224,
      0.0014981708052004376,
      0.018190503679045615,
      0.023977224941163007,
      0.002311707101813525,
      0.019608693215536967,
      0.0022326764938637215,
      0.018210865977983427,
      0.018186601965010978,
      0.006823351149324576,
      0.008326824797706401,
      0.0032648313611756703,
      0.05497227365127963,
      0.016794026666655443,
      0.0401049661969573,
      0.010818882701135278,
      0.016976296244792483,
      0.09443049518129666
    ]
  }
}