{
  "model_name": "svm",
  "train_dataset": "child",
  "test_dataset": "adolescent",
  "train_samples": 302,
  "test_samples": 126,
  "train_features": 67,
  "test_features": 67,
  "harmonized_features": 67,
  "metrics": {
    "accuracy": 0.48412698412698413,
    "precision": 0.48936170212765956,
    "recall": 0.7301587301587301,
    "f1": 0.5859872611464968,
    "specificity": 0.23809523809523808,
    "auc": 0.3311917359536407,
    "confusion_matrix": [
      [
        15,
        48
      ],
      [
        17,
        46
      ]
    ],
    "true_negatives": 15,
    "false_positives": 48,
    "false_negatives": 17,
    "true_positives": 46,
    "balanced_accuracy": 0.4841269841269841,
    "classification_report": {
      "0": {
        "precision": 0.46875,
        "recall": 0.23809523809523808,
        "f1-score": 0.3157894736842105,
        "support": 63.0
      },
      "1": {
        "precision": 0.48936170212765956,
        "recall": 0.7301587301587301,
        "f1-score": 0.5859872611464968,
        "support": 63.0
      },
      "accuracy": 0.48412698412698413,
      "macro avg": {
        "precision": 0.47905585106382975,
        "recall": 0.4841269841269841,
        "f1-score": 0.45088836741535365,
        "support": 126.0
      },
      "weighted avg": {
        "precision": 0.4790558510638298,
        "recall": 0.48412698412698413,
        "f1-score": 0.45088836741535365,
        "support": 126.0
      }
    },
    "roc_curve": {
      "fpr": [
        0.0,
        0.015873015873015872,
        0.3968253968253968,
        0.3968253968253968,
        0.42857142857142855,
        0.42857142857142855,
        0.5079365079365079,
        0.5079365079365079,
        0.5238095238095238,
        0.5238095238095238,
        0.5396825396825397,
        0.5396825396825397,
        0.5873015873015873,
        0.5873015873015873,
        0.6031746031746031,
        0.6031746031746031,
        0.6190476190476191,
        0.6190476190476191,
        0.6190476190476191,
        0.6190476190476191,
        0.6349206349206349,
        0.6349206349206349,
        0.6507936507936508,
        0.6507936507936508,
        0.6666666666666666,
        0.6666666666666666,
        0.6825396825396826,
        0.6825396825396826,
        0.6984126984126984,
        0.6984126984126984,
        0.7142857142857143,
        0.7142857142857143,
        0.7301587301587301,
        0.7301587301587301,
        0.7619047619047619,
        0.7619047619047619,
        0.8095238095238095,
        0.8095238095238095,
        0.8253968253968254,
        0.8253968253968254,
        0.8412698412698413,
        0.8412698412698413,
        0.8571428571428571,
        0.9682539682539683,
        0.9682539682539683,
        1.0
      ],
      "tpr": [
        0.0,
        0.0,
        0.0,
        0.031746031746031744,
        0.031746031746031744,
        0.047619047619047616,
        0.047619047619047616,
        0.07936507936507936,
        0.07936507936507936,
        0.12698412698412698,
        0.12698412698412698,
        0.14285714285714285,
        0.14285714285714285,
        0.2857142857142857,
        0.2857142857142857,
        0.3333333333333333,
        0.3333333333333333,
        0.3968253968253968,
        0.42857142857142855,
        0.4444444444444444,
        0.4444444444444444,
        0.5396825396825397,
        0.5396825396825397,
        0.5555555555555556,
        0.5555555555555556,
        0.5714285714285714,
        0.5714285714285714,
        0.6031746031746031,
        0.6031746031746031,
        0.6666666666666666,
        0.6666666666666666,
        0.6984126984126984,
        0.6984126984126984,
        0.7301587301587301,
        0.7301587301587301,
        0.7777777777777778,
        0.7777777777777778,
        0.873015873015873,
        0.873015873015873,
        0.9047619047619048,
        0.9047619047619048,
        0.9365079365079365,
        0.9365079365079365,
        0.9841269841269841,
        1.0,
        1.0
      ],
      "thresholds": [
        Infinity,
        0.5624396146138397,
        0.5319514678276563,
        0.530815820414543,
        0.5305712780313357,
        0.5290824293409643,
        0.5259483239036562,
        0.5240945008683322,
        0.5231948460272784,
        0.521859652573845,
        0.5217532811362793,
        0.5216505086120341,
        0.521278128146698,
        0.5190923771346463,
        0.5189849835142386,
        0.5172842509319918,
        0.5171885433651539,
        0.5154617175859063,
        0.5152943334094231,
        0.5152724131005563,
        0.5150352817630538,
        0.5138017796166616,
        0.5137358812201551,
        0.5137272706113998,
        0.5135738850795841,
        0.5132041383153426,
        0.5129181877022895,
        0.5127466025654954,
        0.5126771807861401,
        0.511320754543718,
        0.5112618053992338,
        0.5107800712579099,
        0.5106033609919977,
        0.5102440512862801,
        0.5098636467933404,
        0.5090952416408382,
        0.508504485092076,
        0.5066348787470106,
        0.5061645325233787,
        0.5060303738945986,
        0.5058920499048257,
        0.5050796529870201,
        0.5050506157636657,
        0.5,
        0.4881837746728147,
        0.4850298636283526
      ]
    }
  },
  "predictions": {
    "y_true": [
      0,
      0,
      0,
      1,
      1,
      0,
      0,
      1,
      0,
      0,
      0,
      0,
      1,
      1,
      1,
      1,
      0,
      1,
      1,
      1,
      1,
      1,
      1,
      1,
      1,
      1,
      0,
      0,
      0,
      1,
      1,
      1,
      1,
      1,
      1,
      1,
      1,
      1,
      1,
      1,
      1,
      0,
      0,
      1,
      1,
      1,
      1,
      0,
      1,
      1,
      0,
      1,
      1,
      0,
      0,
      0,
      0,
      1,
      0,
      1,
      1,
      0,
      1,
      1,
      1,
      1,
      1,
      0,
      1,
      1,
      0,
      1,
      1,
      1,
      1,
      0,
      1,
      0,
      1,
      1,
      0,
      0,
      1,
      0,
      0,
      1,
      1,
      0,
      1,
      0,
      1,
      1,
      0,
      1,
      0,
      1,
      1,
      0,
      0,
      0,
      0,
      1,
      0,
      0,
      0,
      0,
      0,
      0,
      0,
      0,
      0,
      0,
      0,
      0,
      0,
      0,
      0,
      0,
      0,
      0,
      0,
      0,
      0,
      0,
      0,
      0
    ],
    "y_pred": [
      1,
      1,
      1,
      1,
      0,
      0,
      1,
      0,
      1,
      0,
      0,
      1,
      1,
      1,
      1,
      1,
      0,
      1,
      0,
      0,
      1,
      0,
      0,
      1,
      1,
      1,
      1,
      1,
      1,
      1,
      1,
      1,
      1,
      0,
      0,
      0,
      1,
      0,
      1,
      1,
      1,
      0,
      1,
      1,
      1,
      1,
      1,
      0,
      1,
      1,
      0,
      0,
      1,
      0,
      1,
      1,
      1,
      1,
      1,
      1,
      1,
      1,
      1,
      1,
      1,
      1,
      0,
      1,
      1,
      1,
      1,
      1,
      1,
      0,
      0,
      1,
      0,
      0,
      1,
      0,
      1,
      1,
      1,
      0,
      1,
      1,
      1,
      0,
      0,
      1,
      1,
      1,
      0,
      1,
      1,
      1,
      1,
      1,
      1,
      1,
      1,
      1,
      1,
      1,
      1,
      1,
      1,
      1,
      1,
      1,
      0,
      1,
      1,
      1,
      1,
      1,
      0,
      1,
      1,
      1,
      1,
      0,
      1,
      1,
      1,
      1
    ],