{
  "model_name": "svm",
  "train_dataset": "adult",
  "test_dataset": "adolescent",
  "train_samples": 1030,
  "test_samples": 126,
  "train_features": 67,
  "test_features": 67,
  "harmonized_features": 67,
  "metrics": {
    "accuracy": 0.5,
    "precision": 0.0,
    "recall": 0.0,
    "f1": 0.0,
    "specificity": 1.0,
    "auc": 0.5034013605442177,
    "confusion_matrix": [
      [
        63,
        0
      ],
      [
        63,
        0
      ]
    ],
    "true_negatives": 63,
    "false_positives": 0,
    "false_negatives": 63,
    "true_positives": 0,
    "balanced_accuracy": 0.5,
    "classification_report": {
      "0": {
        "precision": 0.5,
        "recall": 1.0,
        "f1-score": 0.6666666666666666,
        "support": 63.0
      },
      "1": {
        "precision": 0.0,
        "recall": 0.0,
        "f1-score": 0.0,
        "support": 63.0
      },
      "accuracy": 0.5,
      "macro avg": {
        "precision": 0.25,
        "recall": 0.5,
        "f1-score": 0.3333333333333333,
        "support": 126.0
      },
      "weighted avg": {
        "precision": 0.25,
        "recall": 0.5,
        "f1-score": 0.3333333333333333,
        "support": 126.0
      }
    },
    "roc_curve": {
      "fpr": [
        0.0,
        0.015873015873015872,
        0.1111111111111111,
        0.1111111111111111,
        0.12698412698412698,
        0.12698412698412698,
        0.20634920634920634,
        0.20634920634920634,
        0.23809523809523808,
        0.23809523809523808,
        0.2857142857142857,
        0.2857142857142857,
        0.30158730158730157,
        0.30158730158730157,
        0.3333333333333333,
        0.3333333333333333,
        0.3492063492063492,
        0.3492063492063492,
        0.36507936507936506,
        0.36507936507936506,
        0.3968253968253968,
        0.3968253968253968,
        0.42857142857142855,
        0.42857142857142855,
        0.4444444444444444,
        0.4444444444444444,
        0.4603174603174603,
        0.4603174603174603,
        0.5079365079365079,
        0.5079365079365079,
        0.5396825396825397,
        0.5396825396825397,
        0.5555555555555556,
        0.5555555555555556,
        0.5714285714285714,
        0.5714285714285714,
        0.5873015873015873,
        0.5873015873015873,
        0.6190476190476191,
        0.6190476190476191,
        0.6349206349206349,
        0.6349206349206349,
        0.6666666666666666,
        0.6666666666666666,
        0.6984126984126984,
        0.6984126984126984,
        0.7301587301587301,
        0.7301587301587301,
        0.746031746031746,
        0.746031746031746,
        0.7619047619047619,
        0.7619047619047619,
        1.0
      ],
      "tpr": [
        0.0,
        0.0,
        0.0,
        0.015873015873015872,
        0.015873015873015872,
        0.031746031746031744,
        0.031746031746031744,
        0.047619047619047616,
        0.047619047619047616,
        0.06349206349206349,
        0.06349206349206349,
        0.07936507936507936,
        0.07936507936507936,
        0.14285714285714285,
        0.14285714285714285,
        0.15873015873015872,
        0.15873015873015872,
        0.19047619047619047,
        0.19047619047619047,
        0.20634920634920634,
        0.20634920634920634,
        0.3333333333333333,
        0.3333333333333333,
        0.3492063492063492,
        0.3492063492063492,
        0.3968253968253968,
        0.3968253968253968,
        0.4444444444444444,
        0.4444444444444444,
        0.47619047619047616,
        0.47619047619047616,
        0.5714285714285714,
        0.5714285714285714,
        0.6666666666666666,
        0.6666666666666666,
        0.7301587301587301,
        0.7301587301587301,
        0.7619047619047619,
        0.7619047619047619,
        0.7777777777777778,
        0.7777777777777778,
        0.8253968253968254,
        0.8253968253968254,
        0.8571428571428571,
        0.8571428571428571,
        0.9206349206349206,
        0.9206349206349206,
        0.9682539682539683,
        0.9682539682539683,
        0.9841269841269841,
        0.9841269841269841,
        1.0,
        1.0
      ],
      "thresholds": [
        Infinity,
        0.20147867540088446,
        0.17764700384540247,
        0.17445572277845167,
        0.17338088335488516,
        0.1730527862847708,
        0.16685320609889004,
        0.16677137409922665,
        0.16511017093003208,
        0.16510939126483676,
        0.16333618614190007,
        0.16310982734970222,
        0.1630795749008719,
        0.16195945648314897,
        0.16134931973331287,
        0.1611714668293467,
        0.1611396679765681,
        0.16108975485532712,
        0.1609487705328039,
        0.16077472247936608,
        0.16024257953406432,
        0.15891595858835847,
        0.15884121526293454,
        0.15872786536756986,
        0.15872210202500983,
        0.15860420198132363,
        0.15855853190954386,
        0.1583273775578055,
        0.15824355629016482,
        0.15810146431245925,
        0.15797993925198808,
        0.1579036924940311,
        0.15789699269286958,
        0.1578224558443052,
        0.15781977943234082,
        0.15778910491063824,
        0.15777571350943,
        0.15777090701003246,
        0.15774315804874342,
        0.15762828472823556,
        0.15748917169661264,
        0.15712973271879985,
        0.15710047200431454,
        0.1568903626888957,
        0.15675214999491324,
        0.15615383922443782,
        0.1557410604939783,
        0.15496253629866982,
        0.15414867914245103,
        0.1537126372979253,
        0.153443598276645,
        0.1525124309096972,
        0.10723881644367153
      ]
    }
  },
  "predictions": {
    "y_true": [
      0,
      0,
      0,
      1,
      1,
      0,
      0,
      1,
      0,
      0,
      0,
      0,
      1,
      1,
      1,
      1,
      0,
      1,
      1,
      1,
      1,
      1,
      1,
      1,
      1,
      1,
      0,
      0,
      0,
      1,
      1,
      1,
      1,
      1,
      1,
      1,
      1,
      1,
      1,
      1,
      1,
      0,
      0,
      1,
      1,
      1,
      1,
      0,
      1,
      1,
      0,
      1,
      1,
      0,
      0,
      0,
      0,
      1,
      0,
      1,
      1,
      0,
      1,
      1,
      1,
      1,
      1,
      0,
      1,
      1,
      0,
      1,
      1,
      1,
      1,
      0,
      1,
      0,
      1,
      1,
      0,
      0,
      1,
      0,
      0,
      1,
      1,
      0,
      1,
      0,
      1,
      1,
      0,
      1,
      0,
      1,
      1,
      0,
      0,
      0,
      0,
      1,
      0,
      0,
      0,
      0,
      0,
      0,
      0,
      0,
      0,
      0,
      0,
      0,
      0,
      0,
      0,
      0,
      0,
      0,
      0,
      0,
      0,
      0,
      0,
      0
    ],