{
  "model_name": "tabnet",
  "train_dataset": "adult",
  "test_dataset": "adolescent",
  "train_samples": 1030,
  "test_samples": 126,
  "train_features": 67,
  "test_features": 67,
  "harmonized_features": 67,
  "metrics": {
    "accuracy": 0.5079365079365079,
    "precision": 0.5135135135135135,
    "recall": 0.30158730158730157,
    "f1": 0.38,
    "specificity": 0.7142857142857143,
    "auc": 0.4892920131015369,
    "confusion_matrix": [
      [
        45,
        18
      ],
      [
        44,
        19
      ]
    ],
    "true_negatives": 45,
    "false_positives": 18,
    "false_negatives": 44,
    "true_positives": 19,
    "balanced_accuracy": 0.5079365079365079,
    "classification_report": {
      "0": {
        "precision": 0.5056179775280899,
        "recall": 0.7142857142857143,
        "f1-score": 0.5921052631578947,
        "support": 63.0
      },
      "1": {
        "precision": 0.5135135135135135,
        "recall": 0.30158730158730157,
        "f1-score": 0.38,
        "support": 63.0
      },
      "accuracy": 0.5079365079365079,
      "macro avg": {
        "precision": 0.5095657455208017,
        "recall": 0.5079365079365079,
        "f1-score": 0.48605263157894735,
        "support": 126.0
      },
      "weighted avg": {
        "precision": 0.5095657455208017,
        "recall": 0.5079365079365079,
        "f1-score": 0.48605263157894735,
        "support": 126.0
      }
    },
    "roc_curve": {
      "fpr": [
        0.0,
        0.015873015873015872,
        0.047619047619047616,
        0.047619047619047616,
        0.1111111111111111,
        0.1111111111111111,
        0.14285714285714285,
        0.14285714285714285,
        0.15873015873015872,
        0.15873015873015872,
        0.1746031746031746,
        0.1746031746031746,
        0.19047619047619047,
        0.19047619047619047,
        0.20634920634920634,
        0.20634920634920634,
        0.2698412698412698,
        0.2698412698412698,
        0.2857142857142857,
        0.2857142857142857,
        0.30158730158730157,
        0.30158730158730157,
        0.31746031746031744,
        0.31746031746031744,
        0.3333333333333333,
        0.3333333333333333,
        0.38095238095238093,
        0.38095238095238093,
        0.3968253968253968,
        0.3968253968253968,
        0.49206349206349204,
        0.49206349206349204,
        0.5396825396825397,
        0.5396825396825397,
        0.5555555555555556,
        0.5555555555555556,
        0.5714285714285714,
        0.5714285714285714,
        0.6190476190476191,
        0.6190476190476191,
        0.6349206349206349,
        0.6349206349206349,
        0.6666666666666666,
        0.6666666666666666,
        0.6666666666666666,
        0.6984126984126984,
        0.6984126984126984,
        0.7142857142857143,
        0.7142857142857143,
        0.7301587301587301,
        0.7301587301587301,
        0.7936507936507936,
        0.7936507936507936,
        0.8095238095238095,
        0.8095238095238095,
        0.8253968253968254,
        0.8253968253968254,
        0.8412698412698413,
        0.8412698412698413,
        0.8571428571428571,
        0.8571428571428571,
        0.873015873015873,
        0.873015873015873,
        0.8888888888888888,
        0.8888888888888888,
        1.0,
        1.0
      ],
      "tpr": [
        0.0,
        0.0,
        0.0,
        0.047619047619047616,
        0.047619047619047616,
        0.06349206349206349,
        0.06349206349206349,
        0.1111111111111111,
        0.1111111111111111,
        0.12698412698412698,
        0.12698412698412698,
        0.14285714285714285,
        0.14285714285714285,
        0.1746031746031746,
        0.1746031746031746,
        0.25396825396825395,
        0.25396825396825395,
        0.2698412698412698,
        0.2698412698412698,
        0.30158730158730157,
        0.30158730158730157,
        0.3333333333333333,
        0.3333333333333333,
        0.36507936507936506,
        0.36507936507936506,
        0.4126984126984127,
        0.4126984126984127,
        0.4444444444444444,
        0.4444444444444444,
        0.47619047619047616,
        0.47619047619047616,
        0.49206349206349204,
        0.49206349206349204,
        0.5079365079365079,
        0.5079365079365079,
        0.5238095238095238,
        0.5238095238095238,
        0.5396825396825397,
        0.5396825396825397,
        0.5555555555555556,
        0.5555555555555556,
        0.5873015873015873,
        0.5873015873015873,
        0.6507936507936508,
        0.6825396825396826,
        0.6825396825396826,
        0.6984126984126984,
        0.6984126984126984,
        0.7142857142857143,
        0.7142857142857143,
        0.7301587301587301,
        0.7301587301587301,
        0.746031746031746,
        0.746031746031746,
        0.7777777777777778,
        0.7777777777777778,
        0.8095238095238095,
        0.8095238095238095,
        0.873015873015873,
        0.873015873015873,
        0.8888888888888888,
        0.8888888888888888,
        0.9206349206349206,
        0.9206349206349206,
        0.9365079365079365,
        0.9365079365079365,
        1.0
      ],
      "thresholds": [
        Infinity,
        0.9754667282104492,
        0.9277469515800476,
        0.8466658592224121,
        0.7447591423988342,
        0.7293683290481567,
        0.7184128761291504,
        0.6752736568450928,
        0.6744406819343567,
        0.6729462146759033,
        0.6659002900123596,
        0.6494815945625305,
        0.6492098569869995,
        0.6266444325447083,
        0.6236876845359802,
        0.5935249328613281,
        0.5652527213096619,
        0.563274085521698,
        0.541967511177063,
        0.5182358622550964,
        0.4990672469139099,
        0.4778939485549927,
        0.4610249698162079,
        0.4436894655227661,
        0.4405924379825592,
        0.39346691966056824,
        0.3745909631252289,
        0.35540351271629333,
        0.34668412804603577,
        0.3320721387863159,
        0.2370685189962387,
        0.23239009082317352,
        0.19818143546581268,
        0.18484683334827423,
        0.18144778907299042,
        0.14438465237617493,
        0.1423357129096985,
        0.11180614680051804,
        0.1002417579293251,
        0.0933232381939888,
        0.0851808488368988,
        0.07827818393707275,
        0.05856252461671829,
        0.03273004665970802,
        0.029331298545002937,
        0.023447632789611816,
        0.017261097207665443,
        0.013380549848079681,
        0.012529618106782436,
        0.01114197913557291,
        0.010295256972312927,
        0.0031614855397492647,
        0.0024131678510457277,
        0.0019519812194630504,
        0.001493070274591446,
        0.001214762800373137,
        0.0010170129826292396,
        0.0008870743331499398,
        0.00041150941979140043,
        0.00028253652271814644,
        0.00023208283528219908,
        0.00018516498676035553,
        5.0591766921570525e-05,
        4.923429514747113e-05,
        4.567182986647822e-05,
        1.343723761237925e-05,
        1.0859907888516318e-05
      ]
    }
  },