{
  "model_name": "tabnet",
  "train_dataset": "adolescent",
  "test_dataset": "adolescent",
  "train_samples": 126,
  "test_samples": 126,
  "train_features": 67,
  "test_features": 67,
  "harmonized_features": 67,
  "metrics": {
    "accuracy": 0.5634920634920635,
    "precision": 0.5740740740740741,
    "recall": 0.49206349206349204,
    "f1": 0.5299145299145299,
    "specificity": 0.6349206349206349,
    "auc": 0.6011589821113631,
    "confusion_matrix": [
      [
        40,
        23
      ],
      [
        32,
        31
      ]
    ],
    "true_negatives": 40,
    "false_positives": 23,
    "false_negatives": 32,
    "true_positives": 31,
    "balanced_accuracy": 0.5634920634920635,
    "classification_report": {
      "0": {
        "precision": 0.5555555555555556,
        "recall": 0.6349206349206349,
        "f1-score": 0.5925925925925926,
        "support": 63.0
      },
      "1": {
        "precision": 0.5740740740740741,
        "recall": 0.49206349206349204,
        "f1-score": 0.5299145299145299,
        "support": 63.0
      },
      "accuracy": 0.5634920634920635,
      "macro avg": {
        "precision": 0.5648148148148149,
        "recall": 0.5634920634920635,
        "f1-score": 0.5612535612535612,
        "support": 126.0
      },
      "weighted avg": {
        "precision": 0.5648148148148148,
        "recall": 0.5634920634920635,
        "f1-score": 0.5612535612535612,
        "support": 126.0
      }
    },
    "roc_curve": {
      "fpr": [
        0.0,
        0.0,
        0.0,
        0.015873015873015872,
        0.015873015873015872,
        0.031746031746031744,
        0.031746031746031744,
        0.047619047619047616,
        0.047619047619047616,
        0.06349206349206349,
        0.06349206349206349,
        0.07936507936507936,
        0.07936507936507936,
        0.1111111111111111,
        0.1111111111111111,
        0.12698412698412698,
        0.12698412698412698,
        0.1746031746031746,
        0.1746031746031746,
        0.2222222222222222,
        0.2222222222222222,
        0.25396825396825395,
        0.25396825396825395,
        0.2698412698412698,
        0.2698412698412698,
        0.31746031746031744,
        0.31746031746031744,
        0.3333333333333333,
        0.3333333333333333,
        0.38095238095238093,
        0.38095238095238093,
        0.3968253968253968,
        0.3968253968253968,
        0.4126984126984127,
        0.4126984126984127,
        0.5396825396825397,
        0.5396825396825397,
        0.5555555555555556,
        0.5555555555555556,
        0.5714285714285714,
        0.5714285714285714,
        0.5873015873015873,
        0.5873015873015873,
        0.6349206349206349,
        0.6349206349206349,
        0.6507936507936508,
        0.6507936507936508,
        0.7142857142857143,
        0.7142857142857143,
        0.746031746031746,
        0.746031746031746,
        0.8095238095238095,
        0.8095238095238095,
        0.8412698412698413,
        0.8412698412698413,
        0.9365079365079365,
        0.9365079365079365,
        0.9365079365079365,
        0.9682539682539683,
        0.9682539682539683,
        1.0,
        1.0
      ],
      "tpr": [
        0.0,
        0.047619047619047616,
        0.06349206349206349,
        0.06349206349206349,
        0.07936507936507936,
        0.07936507936507936,
        0.1111111111111111,
        0.1111111111111111,
        0.15873015873015872,
        0.15873015873015872,
        0.1746031746031746,
        0.1746031746031746,
        0.23809523809523808,
        0.23809523809523808,
        0.25396825396825395,
        0.25396825396825395,
        0.30158730158730157,
        0.30158730158730157,
        0.3492063492063492,
        0.3492063492063492,
        0.38095238095238093,
        0.38095238095238093,
        0.3968253968253968,
        0.3968253968253968,
        0.4126984126984127,
        0.4126984126984127,
        0.42857142857142855,
        0.42857142857142855,
        0.49206349206349204,
        0.49206349206349204,
        0.5714285714285714,
        0.5714285714285714,
        0.5873015873015873,
        0.5873015873015873,
        0.6190476190476191,
        0.6190476190476191,
        0.6349206349206349,
        0.6349206349206349,
        0.6507936507936508,
        0.6507936507936508,
        0.6666666666666666,
        0.6666666666666666,
        0.6825396825396826,
        0.6825396825396826,
        0.7619047619047619,
        0.7619047619047619,
        0.8095238095238095,
        0.8095238095238095,
        0.8253968253968254,
        0.8253968253968254,
        0.8571428571428571,
        0.8571428571428571,
        0.8888888888888888,
        0.8888888888888888,
        0.9047619047619048,
        0.9047619047619048,
        0.9365079365079365,
        0.9682539682539683,
        0.9682539682539683,
        0.9841269841269841,
        0.9841269841269841,
        1.0
      ],
      "thresholds": [
        Infinity,
        1.0,
        0.9999998807907104,
        0.999993085861206,
        0.9999582767486572,
        0.999950647354126,
        0.999602735042572,
        0.9993320107460022,
        0.9966577291488647,
        0.9939462542533875,
        0.9911912083625793,
        0.9840143322944641,
        0.9605637192726135,
        0.9525747895240784,
        0.9405107498168945,
        0.9352954626083374,
        0.9174464344978333,
        0.8712353110313416,
        0.835860550403595,
        0.793272852897644,
        0.7372538447380066,
        0.6937688589096069,
        0.6561968326568604,
        0.6488456130027771,
        0.6270051598548889,
        0.5693532228469849,
        0.5647150278091431,
        0.5531840324401855,
        0.517617404460907,
        0.49825379252433777,
        0.40760716795921326,
        0.3855758011341095,
        0.35708722472190857,
        0.35350313782691956,
        0.34606221318244934,
        0.2441737800836563,
        0.22171048820018768,
        0.21877869963645935,
        0.2077951729297638,
        0.20280344784259796,
        0.19093340635299683,
        0.15814882516860962,
        0.14785519242286682,
        0.11212853342294693,
        0.05008584260940552,
        0.040039245039224625,
        0.01696716621518135,
        0.0071766916662454605,
        0.006189897656440735,
        0.002803592011332512,
        0.0008713540155440569,
        4.23537494498305e-05,
        1.51038148032967e-06,
        1.1674167126329849e-06,
        2.6540016051512794e-07,
        3.5337873035765077e-13,
        1.3826347835740882e-13,
        1.7587062874360265e-16,
        4.795363958259127e-23,
        1.1023288259398754e-27,
        9.024159916912368e-30,
        0.0
      ]
    }
  },
  "predictions": {
    "y_true": [
      0,
      0,
      0,
      1,
      1,
      0,
      0,
      1,
      0,
      0,
      0,
      0,
      1,
      1,
      1,
      1,
      0,
      1,
      1,
      1,
      1,
      1,
      1,
      1,
      1,
      1,
      0,
      0,
      0,
      1,
      1,
      1,
      1,
      1,
      1,
      1,
      1,
      1,
      1,
      1,
      1,
      0,
      0,
      1,
      1,
      1,
      1,
      0,
      1,
      1,
      0,
      1,
      1,
      0,
      0,
      0,
      0,
      1,
      0,
      1,
      1,
      0,
      1,
      1,
      1,
      1,
      1,
      0,
      1,
      1,
      0,
      1,
      1,
      1,
      1,
      0,
      1,
      0,
      1,
      1,
      0,
      0,
      1,
      0,
      0,
      1,
      1,
      0,
      1,
      0,
      1,
      1,
      0,
      1,
      0,
      1,
      1,
      0,
      0,
      0,
      0,
      1,
      0,
      0,
      0,
      0,
      0,
      0,
      0,
      0,
      0,
      0,
      0,
      0,
      0,
      0,
      0,
      0,
      0,
      0,
      0,
      0,
      0,
      0,
      0,
      0
    ],