{
  "model_name": "tabnet",
  "train_dataset": "child",
  "test_dataset": "adolescent",
  "train_samples": 302,
  "test_samples": 126,
  "train_features": 67,
  "test_features": 67,
  "harmonized_features": 67,
  "metrics": {
    "accuracy": 0.49206349206349204,
    "precision": 0.494949494949495,
    "recall": 0.7777777777777778,
    "f1": 0.6049382716049383,
    "specificity": 0.20634920634920634,
    "auc": 0.656840513983371,
    "confusion_matrix": [
      [
        13,
        50
      ],
      [
        14,
        49
      ]
    ],
    "true_negatives": 13,
    "false_positives": 50,
    "false_negatives": 14,
    "true_positives": 49,
    "balanced_accuracy": 0.4920634920634921,
    "classification_report": {
      "0": {
        "precision": 0.48148148148148145,
        "recall": 0.20634920634920634,
        "f1-score": 0.28888888888888886,
        "support": 63.0
      },
      "1": {
        "precision": 0.494949494949495,
        "recall": 0.7777777777777778,
        "f1-score": 0.6049382716049383,
        "support": 63.0
      },
      "accuracy": 0.49206349206349204,
      "macro avg": {
        "precision": 0.4882154882154882,
        "recall": 0.4920634920634921,
        "f1-score": 0.4469135802469136,
        "support": 126.0
      },
      "weighted avg": {
        "precision": 0.4882154882154882,
        "recall": 0.49206349206349204,
        "f1-score": 0.44691358024691363,
        "support": 126.0
      }
    },
    "roc_curve": {
      "fpr": [
        0.0,
        0.0,
        0.0,
        0.015873015873015872,
        0.015873015873015872,
        0.047619047619047616,
        0.047619047619047616,
        0.047619047619047616,
        0.047619047619047616,
        0.06349206349206349,
        0.06349206349206349,
        0.09523809523809523,
        0.09523809523809523,
        0.1746031746031746,
        0.1746031746031746,
        0.19047619047619047,
        0.19047619047619047,
        0.20634920634920634,
        0.20634920634920634,
        0.2222222222222222,
        0.2222222222222222,
        0.23809523809523808,
        0.23809523809523808,
        0.2698412698412698,
        0.2698412698412698,
        0.3333333333333333,
        0.3333333333333333,
        0.38095238095238093,
        0.38095238095238093,
        0.4444444444444444,
        0.4444444444444444,
        0.6190476190476191,
        0.6190476190476191,
        0.6666666666666666,
        0.6666666666666666,
        0.8253968253968254,
        0.8253968253968254,
        0.873015873015873,
        0.873015873015873,
        0.9206349206349206,
        0.9206349206349206,
        0.9365079365079365,
        0.9365079365079365,
        0.9682539682539683,
        0.9682539682539683,
        1.0
      ],
      "tpr": [
        0.0,
        0.015873015873015872,
        0.07936507936507936,
        0.07936507936507936,
        0.09523809523809523,
        0.09523809523809523,
        0.1111111111111111,
        0.14285714285714285,
        0.2857142857142857,
        0.2857142857142857,
        0.31746031746031744,
        0.31746031746031744,
        0.3333333333333333,
        0.3333333333333333,
        0.36507936507936506,
        0.36507936507936506,
        0.3968253968253968,
        0.3968253968253968,
        0.47619047619047616,
        0.47619047619047616,
        0.5714285714285714,
        0.5714285714285714,
        0.6190476190476191,
        0.6190476190476191,
        0.6507936507936508,
        0.6507936507936508,
        0.6984126984126984,
        0.6984126984126984,
        0.7301587301587301,
        0.7301587301587301,
        0.746031746031746,
        0.746031746031746,
        0.7619047619047619,
        0.7619047619047619,
        0.7777777777777778,
        0.7777777777777778,
        0.7936507936507936,
        0.7936507936507936,
        0.8253968253968254,
        0.8253968253968254,
        0.8571428571428571,
        0.8571428571428571,
        0.9365079365079365,
        0.9365079365079365,
        1.0,
        1.0
      ],
      "thresholds": [
        Infinity,
        0.9999707937240601,
        0.9998654127120972,
        0.9998291730880737,
        0.9998227953910828,
        0.9994576573371887,
        0.9993707537651062,
        0.9993478655815125,
        0.9972802400588989,
        0.9971678853034973,
        0.9968324303627014,
        0.9953094124794006,
        0.9951463341712952,
        0.9912372827529907,
        0.9878135919570923,
        0.984771192073822,
        0.9789036512374878,
        0.9787499904632568,
        0.9730306267738342,
        0.9689648747444153,
        0.9480401277542114,
        0.9354152083396912,
        0.9299452304840088,
        0.9163938760757446,
        0.8935084939002991,
        0.8346043229103088,
        0.7990223169326782,
        0.7808335423469543,
        0.7327108383178711,
        0.6722475290298462,
        0.6697027683258057,
        0.5605789422988892,
        0.5548362135887146,
        0.5459283590316772,
        0.5382417440414429,
        0.46277469396591187,
        0.45682889223098755,
        0.4342915713787079,
        0.41293132305145264,
        0.39254724979400635,
        0.3211400508880615,
        0.3033423125743866,
        0.12178771197795868,
        0.050912871956825256,
        0.006043636705726385,
        0.0022457509767264128
      ]
    }
  },
  "predictions": {
    "y_true": [
      0,
      0,
      0,
      1,
      1,
      0,
      0,
      1,
      0,
      0,
      0,
      0,
      1,
      1,
      1,
      1,
      0,
      1,
      1,
      1,
      1,
      1,
      1,
      1,
      1,
      1,
      0,
      0,
      0,
      1,
      1,
      1,
      1,
      1,
      1,
      1,
      1,
      1,
      1,
      1,
      1,
      0,
      0,
      1,
      1,
      1,
      1,
      0,
      1,
      1,
      0,
      1,
      1,
      0,
      0,
      0,
      0,
      1,
      0,
      1,
      1,
      0,
      1,
      1,
      1,
      1,
      1,
      0,
      1,
      1,
      0,
      1,
      1,
      1,
      1,
      0,
      1,
      0,
      1,
      1,
      0,
      0,
      1,
      0,
      0,
      1,
      1,
      0,
      1,
      0,
      1,
      1,
      0,
      1,
      0,
      1,
      1,
      0,
      0,
      0,
      0,
      1,
      0,
      0,
      0,
      0,
      0,
      0,
      0,
      0,
      0,
      0,
      0,
      0,
      0,
      0,
      0,
      0,
      0,
      0,
      0,
      0,
      0,
      0,
      0,
      0
    ],
    "y_pred": [
      0,
      1,
      1,
      1,
      0,
      1,
      1,
      1,
      0,
      1,
      1,
      1,
      1,
      0,
      0,
      1,
      0,
      0,
      1,
      1,
      0,
      0,
      1,
      0,
      1,
      0,
      1,
      1,
      1,
      0,
      1,
      1,
      1,
      1,
      1,
      1,
      1,
      0,
      1,
      1,
      1,
      1,
      0,
      1,
      1,
      1,
      0,
      0,
      1,
      1,
      0,
      1,
      1,
      0,
      1,
      1,
      1,
      0,
      1,
      1,
      1,
      1,
      1,
      1,
      1,
      1,
      0,
      1,
      1,
      1,
      0,
      1,
      1,
      1,
      0,
      1,
      1,
      1,
      1,
      1,
      1,
      1,
      1,
      1,
      1,
      1,
      1,
      1,
      1,
      1,
      1,
      1,
      0,
      1,
      0,
      1,
      1,
      1,
      1,
      0,
      1,
      1,
      1,
      1,
      1,
      1,
      1,
      1,
      1,
      1,
      0,
      1,
      1,
      1,
      1,
      1,
      1,
      1,
      1,
      1,
      1,
      1,
      1,
      1,
      0,
      1
    ],