{
  "model_name": "xgboost",
  "train_dataset": "child",
  "test_dataset": "adolescent",
  "train_samples": 302,
  "test_samples": 126,
  "train_features": 67,
  "test_features": 67,
  "harmonized_features": 67,
  "metrics": {
    "accuracy": 0.4126984126984127,
    "precision": 0.43529411764705883,
    "recall": 0.5873015873015873,
    "f1": 0.5,
    "specificity": 0.23809523809523808,
    "auc": 0.3867472915091963,
    "confusion_matrix": [
      [
        15,
        48
      ],
      [
        26,
        37
      ]
    ],
    "true_negatives": 15,
    "false_positives": 48,
    "false_negatives": 26,
    "true_positives": 37,
    "balanced_accuracy": 0.4126984126984127,
    "classification_report": {
      "0": {
        "precision": 0.36585365853658536,
        "recall": 0.23809523809523808,
        "f1-score": 0.28846153846153844,
        "support": 63.0
      },
      "1": {
        "precision": 0.43529411764705883,
        "recall": 0.5873015873015873,
        "f1-score": 0.5,
        "support": 63.0
      },
      "accuracy": 0.4126984126984127,
      "macro avg": {
        "precision": 0.4005738880918221,
        "recall": 0.4126984126984127,
        "f1-score": 0.3942307692307692,
        "support": 126.0
      },
      "weighted avg": {
        "precision": 0.4005738880918221,
        "recall": 0.4126984126984127,
        "f1-score": 0.3942307692307692,
        "support": 126.0
      }
    },
    "roc_curve": {
      "fpr": [
        0.0,
        0.015873015873015872,
        0.09523809523809523,
        0.09523809523809523,
        0.12698412698412698,
        0.15873015873015872,
        0.20634920634920634,
        0.20634920634920634,
        0.23809523809523808,
        0.23809523809523808,
        0.23809523809523808,
        0.2698412698412698,
        0.2698412698412698,
        0.2698412698412698,
        0.2857142857142857,
        0.2857142857142857,
        0.2857142857142857,
        0.30158730158730157,
        0.30158730158730157,
        0.30158730158730157,
        0.31746031746031744,
        0.36507936507936506,
        0.38095238095238093,
        0.4126984126984127,
        0.42857142857142855,
        0.42857142857142855,
        0.4444444444444444,
        0.4444444444444444,
        0.4444444444444444,
        0.4603174603174603,
        0.4603174603174603,
        0.49206349206349204,
        0.49206349206349204,
        0.5238095238095238,
        0.5238095238095238,
        0.5555555555555556,
        0.5555555555555556,
        0.5873015873015873,
        0.6190476190476191,
        0.6349206349206349,
        0.6349206349206349,
        0.6666666666666666,
        0.6825396825396826,
        0.6984126984126984,
        0.6984126984126984,
        0.746031746031746,
        0.7619047619047619,
        0.7777777777777778,
        0.8095238095238095,
        0.8095238095238095,
        0.8253968253968254,
        0.8253968253968254,
        0.8571428571428571,
        0.8888888888888888,
        0.8888888888888888,
        0.9206349206349206,
        0.9365079365079365,
        0.9365079365079365,
        0.9365079365079365,
        0.9365079365079365,
        0.9523809523809523,
        0.9523809523809523,
        0.9523809523809523,
        0.9523809523809523,
        0.9682539682539683,
        0.9682539682539683,
        1.0,
        1.0,
        1.0,
        1.0
      ],
      "tpr": [
        0.0,
        0.0,
        0.0,
        0.047619047619047616,
        0.047619047619047616,
        0.047619047619047616,
        0.047619047619047616,
        0.07936507936507936,
        0.07936507936507936,
        0.09523809523809523,
        0.12698412698412698,
        0.12698412698412698,
        0.14285714285714285,
        0.19047619047619047,
        0.19047619047619047,
        0.20634920634920634,
        0.23809523809523808,
        0.23809523809523808,
        0.25396825396825395,
        0.2857142857142857,
        0.2857142857142857,
        0.30158730158730157,
        0.30158730158730157,
        0.30158730158730157,
        0.30158730158730157,
        0.31746031746031744,
        0.31746031746031744,
        0.3333333333333333,
        0.36507936507936506,
        0.36507936507936506,
        0.38095238095238093,
        0.38095238095238093,
        0.4126984126984127,
        0.4126984126984127,
        0.42857142857142855,
        0.42857142857142855,
        0.4444444444444444,
        0.4603174603174603,
        0.4603174603174603,
        0.4603174603174603,
        0.49206349206349204,
        0.49206349206349204,
        0.5555555555555556,
        0.5555555555555556,
        0.5873015873015873,
        0.5873015873015873,
        0.5873015873015873,
        0.6190476190476191,
        0.6190476190476191,
        0.6507936507936508,
        0.6507936507936508,
        0.6666666666666666,
        0.6666666666666666,
        0.6666666666666666,
        0.6825396825396826,
        0.7619047619047619,
        0.7619047619047619,
        0.7777777777777778,
        0.8095238095238095,
        0.8253968253968254,
        0.8412698412698413,
        0.8571428571428571,
        0.8888888888888888,
        0.9206349206349206,
        0.9206349206349206,
        0.9365079365079365,
        0.9365079365079365,
        0.9523809523809523,
        0.9841269841269841,
        1.0
      ],
      "thresholds": [
        Infinity,
        0.8668413162231445,
        0.8602249026298523,
        0.8358777761459351,
        0.8221388459205627,
        0.8142562508583069,
        0.80347740650177,
        0.7858295440673828,
        0.7749114036560059,
        0.7632672786712646,
        0.7599214911460876,
        0.7411365509033203,
        0.7403331995010376,
        0.7339190244674683,
        0.7273938059806824,
        0.7227892875671387,
        0.711381196975708,
        0.6957730054855347,
        0.6924018859863281,
        0.6880505681037903,
        0.6861324906349182,
        0.6796828508377075,
        0.6691818237304688,
        0.6679445505142212,
        0.6640761494636536,
        0.661167323589325,
        0.6505119204521179,
        0.6476779580116272,
        0.6453093886375427,
        0.6434763073921204,
        0.6404617428779602,
        0.6333901882171631,
        0.5943383574485779,
        0.5801370739936829,
        0.579247772693634,
        0.5627028346061707,
        0.5600953698158264,
        0.5570220947265625,
        0.5507010817527771,
        0.5493542551994324,
        0.5487666726112366,
        0.5444986820220947,
        0.5425302982330322,
        0.540921688079834,
        0.5273882150650024,
        0.5201544761657715,
        0.5195836424827576,
        0.49474456906318665,
        0.4891088604927063,
        0.48787519335746765,
        0.4801274240016937,
        0.4733208119869232,
        0.464399516582489,
        0.45073649287223816,
        0.4391414523124695,
        0.4331192076206207,
        0.3932877779006958,
        0.3913760781288147,
        0.3900139033794403,
        0.38135820627212524,
        0.3809172213077545,
        0.3621274530887604,
        0.3587125837802887,
        0.34326037764549255,
        0.3200116455554962,
        0.3183255195617676,
        0.2645034193992615,
        0.23668460547924042,
        0.22199636697769165,
        0.20283731818199158
      ]
    }
  },