{
  "model_name": "xgboost",
  "train_dataset": "adolescent",
  "test_dataset": "adolescent",
  "train_samples": 126,
  "test_samples": 126,
  "train_features": 67,
  "test_features": 67,
  "harmonized_features": 67,
  "metrics": {
    "accuracy": 1.0,
    "precision": 1.0,
    "recall": 1.0,
    "f1": 1.0,
    "specificity": 1.0,
    "auc": 1.0,
    "confusion_matrix": [
      [
        63,
        0
      ],
      [
        0,
        63
      ]
    ],
    "true_negatives": 63,
    "false_positives": 0,
    "false_negatives": 0,
    "true_positives": 63,
    "balanced_accuracy": 1.0,
    "classification_report": {
      "0": {
        "precision": 1.0,
        "recall": 1.0,
        "f1-score": 1.0,
        "support": 63.0
      },
      "1": {
        "precision": 1.0,
        "recall": 1.0,
        "f1-score": 1.0,
        "support": 63.0
      },
      "accuracy": 1.0,
      "macro avg": {
        "precision": 1.0,
        "recall": 1.0,
        "f1-score": 1.0,
        "support": 126.0
      },
      "weighted avg": {
        "precision": 1.0,
        "recall": 1.0,
        "f1-score": 1.0,
        "support": 126.0
      }
    },
    "roc_curve": {
      "fpr": [
        0.0,
        0.0,
        0.0,
        0.0,
        0.0,
        0.0,
        0.0,
        0.0,
        0.0,
        0.0,
        0.0,
        0.0,
        0.0,
        0.0,
        0.0,
        0.0,
        0.0,
        0.0,
        0.0,
        0.07936507936507936,
        0.14285714285714285,
        0.19047619047619047,
        0.23809523809523808,
        0.2698412698412698,
        0.38095238095238093,
        0.42857142857142855,
        0.4444444444444444,
        0.47619047619047616,
        0.5238095238095238,
        0.5555555555555556,
        0.6031746031746031,
        0.6349206349206349,
        0.6825396825396826,
        0.7142857142857143,
        0.7619047619047619,
        0.7777777777777778,
        0.873015873015873,
        1.0
      ],
      "tpr": [
        0.0,
        0.09523809523809523,
        0.25396825396825395,
        0.2698412698412698,
        0.31746031746031744,
        0.4603174603174603,
        0.5555555555555556,
        0.5873015873015873,
        0.6190476190476191,
        0.6349206349206349,
        0.6666666666666666,
        0.6825396825396826,
        0.7777777777777778,
        0.7936507936507936,
        0.8253968253968254,
        0.8571428571428571,
        0.9047619047619048,
        0.9682539682539683,
        1.0,
        1.0,
        1.0,
        1.0,
        1.0,
        1.0,
        1.0,
        1.0,
        1.0,
        1.0,
        1.0,
        1.0,
        1.0,
        1.0,
        1.0,
        1.0,
        1.0,
        1.0,
        1.0,
        1.0
      ],
      "thresholds": [
        Infinity,
        0.9845314621925354,
        0.9835557341575623,
        0.9833739995956421,
        0.9831825494766235,
        0.983135461807251,
        0.9821231961250305,
        0.9819259643554688,
        0.9818753600120544,
        0.9817870855331421,
        0.9816669225692749,
        0.9807891249656677,
        0.9806028008460999,
        0.9805141091346741,
        0.9804509878158569,
        0.9792232513427734,
        0.9789090156555176,
        0.9771105051040649,
        0.9753566980361938,
        0.023441994562745094,
        0.022902753204107285,
        0.022112710401415825,
        0.021474594250321388,
        0.020807715132832527,
        0.01903909631073475,
        0.01865883357822895,
        0.018565578386187553,
        0.01838846132159233,
        0.017983775585889816,
        0.017819605767726898,
        0.016762439161539078,
        0.01674935221672058,
        0.016512341797351837,
        0.016331829130649567,
        0.015994617715477943,
        0.01592566817998886,
        0.015207475982606411,
        0.0146694490686059
      ]
    }
  },
  "predictions": {
    "y_true": [
      0,
      0,
      0,
      1,
      1,
      0,
      0,
      1,
      0,
      0,
      0,
      0,
      1,
      1,
      1,
      1,
      0,
      1,
      1,
      1,
      1,
      1,
      1,
      1,
      1,
      1,
      0,
      0,
      0,
      1,
      1,
      1,
      1,
      1,
      1,
      1,
      1,
      1,
      1,
      1,
      1,
      0,
      0,
      1,
      1,
      1,
      1,
      0,
      1,
      1,
      0,
      1,
      1,
      0,
      0,
      0,
      0,
      1,
      0,
      1,
      1,
      0,
      1,
      1,
      1,
      1,
      1,
      0,
      1,
      1,
      0,
      1,
      1,
      1,
      1,
      0,
      1,
      0,
      1,
      1,
      0,
      0,
      1,
      0,
      0,
      1,
      1,
      0,
      1,
      0,
      1,
      1,
      0,
      1,
      0,
      1,
      1,
      0,
      0,
      0,
      0,
      1,
      0,
      0,
      0,
      0,
      0,
      0,
      0,
      0,
      0,
      0,
      0,
      0,
      0,
      0,
      0,
      0,
      0,
      0,
      0,
      0,
      0,
      0,
      0,
      0
    ],
    "y_pred": [
      0,
      0,
      0,
      1,
      1,
      0,
      0,
      1,
      0,
      0,
      0,
      0,
      1,
      1,
      1,
      1,
      0,
      1,
      1,
      1,
      1,
      1,
      1,
      1,
      1,
      1,
      0,
      0,
      0,
      1,
      1,
      1,
      1,
      1,
      1,
      1,
      1,
      1,
      1,
      1,
      1,
      0,
      0,
      1,
      1,
      1,
      1,
      0,
      1,
      1,
      0,
      1,
      1,
      0,
      0,
      0,
      0,
      1,
      0,
      1,
      1,
      0,
      1,
      1,
      1,
      1,
      1,
      0,
      1,
      1,
      0,
      1,
      1,
      1,
      1,
      0,
      1,
      0,
      1,
      1,
      0,
      0,
      1,
      0,
      0,
      1,
      1,
      0,
      1,
      0,
      1,
      1,
      0,
      1,
      0,
      1,
      1,
      0,
      0,
      0,
      0,
      1,
      0,
      0,
      0,
      0,
      0,
      0,
      0,
      0,
      0,
      0,
      0,
      0,
      0,
      0,
      0,
      0,
      0,
      0,
      0,
      0,
      0,
      0,
      0,
      0
    ],