{
  "model_name": "xgboost",
  "train_dataset": "adult",
  "test_dataset": "adolescent",
  "train_samples": 1030,
  "test_samples": 126,
  "train_features": 67,
  "test_features": 67,
  "harmonized_features": 67,
  "metrics": {
    "accuracy": 0.35714285714285715,
    "precision": 0.17857142857142858,
    "recall": 0.07936507936507936,
    "f1": 0.10989010989010989,
    "specificity": 0.6349206349206349,
    "auc": 0.34567901234567905,
    "confusion_matrix": [
      [
        40,
        23
      ],
      [
        58,
        5
      ]
    ],
    "true_negatives": 40,
    "false_positives": 23,
    "false_negatives": 58,
    "true_positives": 5,
    "balanced_accuracy": 0.3571428571428571,
    "classification_report": {
      "0": {
        "precision": 0.40816326530612246,
        "recall": 0.6349206349206349,
        "f1-score": 0.4968944099378882,
        "support": 63.0
      },
      "1": {
        "precision": 0.17857142857142858,
        "recall": 0.07936507936507936,
        "f1-score": 0.10989010989010989,
        "support": 63.0
      },
      "accuracy": 0.35714285714285715,
      "macro avg": {
        "precision": 0.29336734693877553,
        "recall": 0.3571428571428571,
        "f1-score": 0.30339225991399904,
        "support": 126.0
      },
      "weighted avg": {
        "precision": 0.29336734693877553,
        "recall": 0.35714285714285715,
        "f1-score": 0.30339225991399904,
        "support": 126.0
      }
    },
    "roc_curve": {
      "fpr": [
        0.0,
        0.015873015873015872,
        0.25396825396825395,
        0.25396825396825395,
        0.3333333333333333,
        0.3333333333333333,
        0.36507936507936506,
        0.36507936507936506,
        0.3968253968253968,
        0.3968253968253968,
        0.42857142857142855,
        0.42857142857142855,
        0.5238095238095238,
        0.5238095238095238,
        0.5396825396825397,
        0.5396825396825397,
        0.5555555555555556,
        0.5555555555555556,
        0.5714285714285714,
        0.5714285714285714,
        0.5873015873015873,
        0.5873015873015873,
        0.6031746031746031,
        0.6031746031746031,
        0.6190476190476191,
        0.6190476190476191,
        0.6349206349206349,
        0.6349206349206349,
        0.6666666666666666,
        0.6666666666666666,
        0.6984126984126984,
        0.6984126984126984,
        0.7142857142857143,
        0.7142857142857143,
        0.7301587301587301,
        0.7301587301587301,
        0.7619047619047619,
        0.7619047619047619,
        0.7777777777777778,
        0.7777777777777778,
        0.7936507936507936,
        0.7936507936507936,
        0.7936507936507936,
        0.8095238095238095,
        0.8095238095238095,
        0.8253968253968254,
        0.8253968253968254,
        0.8571428571428571,
        0.8571428571428571,
        0.873015873015873,
        0.873015873015873,
        0.9206349206349206,
        0.9206349206349206,
        0.9365079365079365,
        0.9365079365079365,
        1.0
      ],
      "tpr": [
        0.0,
        0.0,
        0.0,
        0.031746031746031744,
        0.031746031746031744,
        0.06349206349206349,
        0.06349206349206349,
        0.12698412698412698,
        0.12698412698412698,
        0.14285714285714285,
        0.14285714285714285,
        0.15873015873015872,
        0.15873015873015872,
        0.19047619047619047,
        0.19047619047619047,
        0.20634920634920634,
        0.20634920634920634,
        0.31746031746031744,
        0.31746031746031744,
        0.3492063492063492,
        0.3492063492063492,
        0.36507936507936506,
        0.36507936507936506,
        0.38095238095238093,
        0.38095238095238093,
        0.42857142857142855,
        0.42857142857142855,
        0.4444444444444444,
        0.4444444444444444,
        0.4603174603174603,
        0.4603174603174603,
        0.49206349206349204,
        0.49206349206349204,
        0.5873015873015873,
        0.5873015873015873,
        0.6666666666666666,
        0.6666666666666666,
        0.746031746031746,
        0.746031746031746,
        0.7619047619047619,
        0.7619047619047619,
        0.7777777777777778,
        0.8095238095238095,
        0.8095238095238095,
        0.8571428571428571,
        0.8571428571428571,
        0.873015873015873,
        0.873015873015873,
        0.8888888888888888,
        0.8888888888888888,
        0.9206349206349206,
        0.9206349206349206,
        0.9682539682539683,
        0.9682539682539683,
        1.0,
        1.0
      ],
      "thresholds": [
        Infinity,
        0.9968419075012207,
        0.7722815871238708,
        0.7101725935935974,
        0.593559980392456,
        0.5335518717765808,
        0.5068370699882507,
        0.46871817111968994,
        0.45219218730926514,
        0.4435214102268219,
        0.42736390233039856,
        0.4270504415035248,
        0.38572269678115845,
        0.37697699666023254,
        0.3761273920536041,
        0.37021604180336,
        0.36477071046829224,
        0.332001268863678,
        0.33090731501579285,
        0.30909231305122375,
        0.30392295122146606,
        0.29735657572746277,
        0.2937783896923065,
        0.29346731305122375,
        0.2917497754096985,
        0.2863149344921112,
        0.2825479209423065,
        0.2760757505893707,
        0.273415744304657,
        0.26780885457992554,
        0.2558656632900238,
        0.25282058119773865,
        0.2505511939525604,
        0.23241698741912842,
        0.2296324372291565,
        0.21459482610225677,
        0.20586757361888885,
        0.18987882137298584,
        0.1891435831785202,
        0.18913695216178894,
        0.18119987845420837,
        0.17574143409729004,
        0.16975753009319305,
        0.16158029437065125,
        0.1536967009305954,
        0.1500674933195114,
        0.14903496205806732,
        0.1479651778936386,
        0.1477157473564148,
        0.14359866082668304,
        0.13159604370594025,
        0.12099770456552505,
        0.08923974633216858,
        0.08330246061086655,
        0.07598192244768143,
        0.021772446110844612
      ]
    }
  },
  "predictions": {
    "y_true": [
      0,
      0,
      0,
      1,
      1,
      0,
      0,
      1,
      0,
      0,
      0,
      0,
      1,
      1,
      1,
      1,
      0,
      1,
      1,
      1,
      1,
      1,
      1,
      1,
      1,
      1,
      0,
      0,
      0,
      1,
      1,
      1,
      1,
      1,
      1,
      1,
      1,
      1,
      1,
      1,
      1,
      0,
      0,
      1,
      1,
      1,
      1,
      0,
      1,
      1,
      0,
      1,
      1,
      0,
      0,
      0,
      0,
      1,
      0,
      1,
      1,
      0,
      1,
      1,
      1,
      1,
      1,
      0,
      1,
      1,
      0,
      1,
      1,
      1,
      1,
      0,
      1,
      0,
      1,
      1,
      0,
      0,
      1,
      0,
      0,
      1,
      1,
      0,
      1,
      0,
      1,
      1,
      0,
      1,
      0,
      1,
      1,
      0,
      0,
      0,
      0,
      1,
      0,
      0,
      0,
      0,
      0,
      0,
      0,
      0,
      0,
      0,
      0,
      0,
      0,
      0,
      0,
      0,
      0,
      0,
      0,
      0,
      0,
      0,
      0,
      0
    ],